RunDates,TERMYld,ACMFITYld,GSWYld
30-Jun-1961,0.163828986441716,3.86738138033413,3.87046038284282
31-Jul-1961,0.409683123657563,4.02499637380754,4.02410640377216
31-Aug-1961,0.29935126833987,4.05760519095347,4.06141088324753
29-Sep-1961,0.203704038818819,3.90345445230313,3.90237278846739
31-Oct-1961,0.302368111605343,3.93316362515709,3.92968995227553
30-Nov-1961,0.0817208343776823,3.89129852814888,3.86119583878141
29-Dec-1961,-0.134031628106659,3.84376783273549,3.80063454927816
31-Jan-1962,0.16421265657498,4.02857764749999,4.02670953777886
28-Feb-1962,0.160760025238471,3.87549780714675,3.87205372667289
30-Mar-1962,0.292943607655654,3.85922287234394,3.8549673654003
30-Apr-1962,0.0685031845301176,3.7342857973368,3.73109717229609
31-May-1962,0.358439763989988,3.89630957178375,3.89192418265432
29-Jun-1962,0.239584289172475,3.96142454383686,3.96293502809065
31-Jul-1962,0.303932875498763,4.02068414223499,4.01654861576694
31-Aug-1962,0.419465934263686,3.98693100946941,3.98311883091881
28-Sep-1962,0.465576479776451,3.98610609947853,3.98266649648934
31-Oct-1962,0.475879614464506,3.96988924354885,3.96445770595898
30-Nov-1962,0.39824988889003,3.93510773189305,3.92928171166662
31-Dec-1962,0.391562614767058,3.88498048475829,3.88548067085926
31-Jan-1963,0.212543287730115,3.86054428690819,3.86421502447494
28-Feb-1963,0.390811621421584,3.9527179623491,3.94872880980455
29-Mar-1963,0.400909720721085,3.98865513002543,3.98372341793465
30-Apr-1963,0.28622417589855,3.9320177059277,3.93123018883204
31-May-1963,0.231274401416997,3.94218856720595,3.94426665938021
28-Jun-1963,0.263692314384761,3.98955258677633,3.99387241366517
31-Jul-1963,0.0680030671885192,3.94627347939485,3.94982068348138
30-Aug-1963,0.155282876122451,4.02596318570021,4.02191000721983
30-Sep-1963,0.173726678716499,4.05192619248906,4.04988546030218
31-Oct-1963,0.233727444891807,4.11697347958014,4.11252814389771
29-Nov-1963,0.011405720391565,4.02162045209112,4.02610184239376
31-Dec-1963,0.0279726118583694,4.07579661946076,4.07680886639731
31-Jan-1964,0.0964836395071824,4.09869992080563,4.09999070849457
28-Feb-1964,0.114971229889087,4.14239545762957,4.11471346679211
31-Mar-1964,0.180999080597934,4.22127264655847,4.19269047457177
30-Apr-1964,0.158369932767733,4.18915865864638,4.18724114573569
28-May-1964,0.108031985624081,4.12089137138049,4.11594455325126
30-Jun-1964,0.100029406917644,4.0774005293176,4.07291725295434
31-Jul-1964,0.36302401515544,4.21424644714789,4.20998856188537
31-Aug-1964,0.256423717163435,4.19455983746437,4.19010046325918
30-Sep-1964,0.0875255767022409,4.10747140386554,4.10366074518673
30-Oct-1964,0.0806737172937808,4.10726410531005,4.103347394263
30-Nov-1964,-0.0540552042313642,4.11869984893568,4.11737936366691
31-Dec-1964,0.00492383977624566,4.1271953738784,4.1312529584234
29-Jan-1965,0.285545884456389,4.23335945779487,4.23599227190828
26-Feb-1965,0.187622367721842,4.22806471854195,4.22958873631067
31-Mar-1965,0.0673752812058472,4.17698254348789,4.17465787590921
30-Apr-1965,0.0219948519663671,4.14167456552471,4.1415582235077
28-May-1965,-0.00207355759687644,4.14463182798957,4.14827506823603
30-Jun-1965,0.0579522084616029,4.15138675119018,4.15478843072432
30-Jul-1965,0.0614885750399843,4.1762515041087,4.1775833019263
31-Aug-1965,0.0215777696779726,4.21021041320601,4.21182199666322
30-Sep-1965,0.208886775500199,4.37541490945478,4.37856341137068
29-Oct-1965,0.11394919806762,4.38425555571644,4.386205884476
30-Nov-1965,0.0830323994589746,4.43384324493175,4.43848005730196
31-Dec-1965,0.208097906292124,4.77276059343503,4.76592782838285
31-Jan-1966,0.290780597225837,4.84239443583177,4.83553348400584
28-Feb-1966,0.472199790867941,5.05809029190977,5.03296529907169
31-Mar-1966,0.304459597841523,4.7974737929725,4.77907775085761
29-Apr-1966,0.284088467169181,4.82706388993181,4.8151147151535
31-May-1966,0.231655979305463,4.88540077874779,4.88934175928961
30-Jun-1966,0.391132746145168,5.04883475350813,5.04193117928975
29-Jul-1966,0.475820161489749,5.21527346281632,5.21033995253925
31-Aug-1966,0.658965898060083,5.64753596031057,5.62588748412854
30-Sep-1966,0.418621743239819,5.28498650786921,5.27373066253843
31-Oct-1966,0.321195941715741,5.14709596536747,5.14364214683209
30-Nov-1966,0.391359798922497,5.2327122283695,5.22963995973758
30-Dec-1966,0.14617498973493,4.72284172030448,4.71424961243525
31-Jan-1967,0.158945889702389,4.59435237073769,4.5948196769772
28-Feb-1967,0.259870877525341,4.71968551227072,4.69697068032379
31-Mar-1967,0.172812194101171,4.41128533979797,4.41743566776383
28-Apr-1967,0.508560984411407,4.75305545393172,4.75748518313669
31-May-1967,0.497102509326829,4.75724855063519,4.75591711249545
30-Jun-1967,0.674297822187258,5.22989028176839,5.20705049553378
31-Jul-1967,0.408851588276979,5.0193869579421,5.01157950677383
31-Aug-1967,0.601961414997294,5.28237094667716,5.2592818545805
29-Sep-1967,0.548138042204016,5.2893091571429,5.27590469949204
31-Oct-1967,0.802036750117638,5.64196772421107,5.6367203577817
30-Nov-1967,0.742579190919183,5.70621209206713,5.70898386506654
29-Dec-1967,0.726450376688685,5.73328676504338,5.73129952471626
31-Jan-1968,0.730111741441748,5.52116078492512,5.51587153048293
29-Feb-1968,0.728517070358891,5.57538663031426,5.54897612092951
29-Mar-1968,0.862390960581791,5.73834832622951,5.70921806463038
30-Apr-1968,0.802954641388379,5.85232391872307,5.85625138743113
31-May-1968,0.710921642469939,5.79399956887067,5.77353371476356
28-Jun-1968,1.30391165132323,5.96113905161714,5.99482653426565
31-Jul-1968,1.61736144563245,5.88942217688396,5.94080186581925
30-Aug-1968,0.714352627017954,5.48059716170549,5.48890727229164
30-Sep-1968,0.711122076040324,5.49239083995409,5.50134112344002
31-Oct-1968,0.793767714982607,5.62589415323543,5.63347709904283
29-Nov-1968,0.705607281845542,5.68192591533371,5.69837247582134
31-Dec-1968,0.839035598979027,6.16413799747009,6.16953533440763
31-Jan-1969,0.848300204964094,6.09450079288305,6.09413141406483
28-Feb-1969,0.631185261126322,6.10919996198283,6.10390754661009
28-Mar-1969,1.11217932867582,6.29108071258294,6.28532318526896
30-Apr-1969,0.938076974002743,6.16243865000357,6.1462214152884
29-May-1969,1.00754717057891,6.42207951926166,6.39914168025958
30-Jun-1969,0.788757437585738,6.57346619798807,6.54015072258226
31-Jul-1969,0.283783164894456,6.32087006640659,6.30654854627502
29-Aug-1969,0.633764926243419,6.64246031218105,6.63037100457432
30-Sep-1969,0.846261732772191,7.31553654774568,7.30845539750234
31-Oct-1969,0.168477550606889,6.51619220174849,6.47631971616033
28-Nov-1969,0.953849184357055,7.10470435067322,7.09655076418295
31-Dec-1969,0.161156176470519,7.07305439169487,7.02015759493138
30-Jan-1970,0.998004275995163,7.60942913162125,7.56553592631767
27-Feb-1970,0.47702170661328,6.68725115423525,6.6453931907418
31-Mar-1970,1.15085883350099,6.97196747548626,6.95934042283184
30-Apr-1970,1.62207978237566,7.73675732908813,7.73052050842715
29-May-1970,1.33219649436717,7.47865974675774,7.47029350791566
30-Jun-1970,1.55043788235531,7.55447664849033,7.54737911742585
31-Jul-1970,1.54213381018083,7.40264694760117,7.39649964455675
31-Aug-1970,1.6385197696733,7.39176257465676,7.38610363626132
30-Sep-1970,1.72504865220526,7.23859285382298,7.23135766436328
30-Oct-1970,1.63496543517846,7.04090702899313,7.02537655543513
30-Nov-1970,2.00615200958141,6.58019613618506,6.57348298927229
31-Dec-1970,1.43814992642911,6.2246238764383,6.21843013252049
29-Jan-1971,2.22624894227133,6.46664416123412,6.46036503792224
26-Feb-1971,2.17817011979532,6.15796488948478,6.15365515127927
31-Mar-1971,1.93562326381353,5.7838929116961,5.77844073038795
30-Apr-1971,1.6530718924404,6.30830217692288,6.30261472797157
28-May-1971,1.74395651907404,6.49117142340143,6.48513270880864
30-Jun-1971,1.60205127546621,6.88371506023544,6.86628233160669
30-Jul-1971,1.66131703524499,6.99612997512174,6.98647264386374
31-Aug-1971,1.36324375177273,6.19855501506719,6.19278701492344
30-Sep-1971,1.26960584605878,6.10850045088783,6.10275879434078
29-Oct-1971,1.37180041051992,5.94404727103471,5.94912643330675
30-Nov-1971,1.54942274337284,6.08774269136061,6.08306098405059
31-Dec-1971,1.66999135507931,5.97472828193748,5.9676804788935
31-Jan-1972,1.76602060563557,6.15824040757126,6.15307771019458
29-Feb-1972,1.80056663606245,6.14277402148009,6.13717481049536
30-Mar-1972,1.39274511906008,6.19048753171724,6.17917799716952
28-Apr-1972,1.58580861179062,6.15567893729255,6.15005275107698
31-May-1972,1.64200717715162,6.13880606144759,6.13255198510409
30-Jun-1972,1.31265205787369,6.13057964063918,6.12417305882929
31-Jul-1972,1.46184700648136,6.15117127400552,6.14153138731988
31-Aug-1972,1.42320413690191,6.36165725194557,6.35558499030482
29-Sep-1972,1.34688581817521,6.34804381920278,6.34117709475515
31-Oct-1972,1.30066925384617,6.29816762933094,6.28837457486415
30-Nov-1972,1.29044295333355,6.22734344490845,6.22068877165704
29-Dec-1972,1.18982637730858,6.28293825206372,6.27601129706195
31-Jan-1973,1.08185185317534,6.39928867105015,6.3900121248464
28-Feb-1973,0.926885959016461,6.5047026785545,6.50011905703173
30-Mar-1973,0.89494400424788,6.5943218217426,6.58152637784294
30-Apr-1973,1.02693466108526,6.6007801051308,6.5877990183459
31-May-1973,0.941416984004156,6.62396939337902,6.63160801805401
29-Jun-1973,0.739448525544782,6.65634999897649,6.66900679572934
31-Jul-1973,0.914136749394827,7.33295161666842,7.31344649028649
31-Aug-1973,0.835489234680445,6.98871457038454,6.97641689829432
28-Sep-1973,1.23672683164485,6.76801519604161,6.76285286261031
31-Oct-1973,0.894727748541284,6.63062012679444,6.63173035129869
30-Nov-1973,0.638153796308105,6.50580608768027,6.5164377927912
31-Dec-1973,1.02146343565684,6.74284067888598,6.73770287126922
31-Jan-1974,1.25157174376262,6.91766442796746,6.91543465109946
28-Feb-1974,1.05852138008869,6.86642089341155,6.87830074162745
29-Mar-1974,1.01492597656497,7.33984687471009,7.34188484870593
30-Apr-1974,1.1032836452076,7.70857904501732,7.70113889260447
31-May-1974,1.19370657421092,7.64924484098916,7.64393422530485
28-Jun-1974,1.15535742709478,7.72544915998672,7.71729712881629
31-Jul-1974,0.786204851180602,7.7118917187747,7.68299954237874
30-Aug-1974,1.22920482399457,8.08914780965646,8.07690122659103
30-Sep-1974,1.58161490866952,7.83104664652728,7.81596015634553
31-Oct-1974,1.14554085000873,7.51338600735604,7.47854310555712
29-Nov-1974,1.31245500812588,7.32176015780003,7.31005353091981
31-Dec-1974,1.34279590620951,7.17563730967469,7.16167209018149
31-Jan-1975,1.78166921302649,7.27770780264278,7.27963810016192
28-Feb-1975,1.88442063721751,7.2003704779884,7.21002543768185
31-Mar-1975,1.93890824645782,7.44413145956053,7.44404594900108
30-Apr-1975,2.25488189945823,7.98784768889258,7.96722378360462
30-May-1975,2.25278761893743,7.69002938383068,7.68599022779425
30-Jun-1975,1.86367784086613,7.62802225229613,7.62124957215751
31-Jul-1975,1.67618001910379,7.71895974462945,7.71421542131355
29-Aug-1975,1.8530942050937,7.90934149184436,7.90249533870594
30-Sep-1975,1.95084787800399,8.15649021967695,8.15022725800241
31-Oct-1975,2.19624697216821,7.75972107073967,7.75925844507056
28-Nov-1975,2.29244301386871,7.93481473790661,7.92709825688156
31-Dec-1975,2.26225925949665,7.65335466690188,7.64718748200706
30-Jan-1976,2.4337989138456,7.66329293794733,7.66873297954749
27-Feb-1976,2.13991101123487,7.55260551524804,7.54589549026225
31-Mar-1976,2.17382754168343,7.52164201211633,7.51391914610469
30-Apr-1976,2.18103652426848,7.50375841278521,7.49651885347548
28-May-1976,2.03866922075362,7.73513766920819,7.72506647350316
30-Jun-1976,2.14877455834028,7.66457919605754,7.65713111022498
30-Jul-1976,2.29395734070741,7.65950298368543,7.65239313839314
31-Aug-1976,2.3257989979455,7.54619466407588,7.53847444392039
30-Sep-1976,2.41095053341131,7.47277892475572,7.46396276566023
29-Oct-1976,2.45246714715395,7.3314855658608,7.32286751539015
30-Nov-1976,2.71231018904633,7.01487428448138,7.0198580877357
31-Dec-1976,2.18263999840154,6.74373481912816,6.73436984231258
31-Jan-1977,2.15162324682067,7.23707064069436,7.22986806404988
28-Feb-1977,2.32260214445629,7.32915089933389,7.32156079659474
31-Mar-1977,2.40114716142233,7.34374068626143,7.3364391052719
29-Apr-1977,2.39942761861351,7.35608572711332,7.34783249072725
31-May-1977,2.3822437085864,7.34147030288111,7.33348668498432
30-Jun-1977,2.30934417399396,7.18780507914162,7.18042253862669
29-Jul-1977,2.08506006963458,7.3102453725456,7.30182475277098
31-Aug-1977,1.92269907573569,7.19863766914375,7.19058521901837
30-Sep-1977,1.83905383851656,7.27645297204314,7.26848915860989
31-Oct-1977,1.74054262678712,7.43128533638217,7.42368497240025
30-Nov-1977,1.79208606720446,7.40880208054096,7.40066015191366
30-Dec-1977,2.02628925675491,7.69330070575584,7.68465523829283
31-Jan-1978,2.04923584325253,7.84319677982188,7.83442506340908
28-Feb-1978,2.05993486047305,7.91661250528876,7.90835335034797
31-Mar-1978,2.026500775601,7.95963312026584,7.95148683445293
28-Apr-1978,2.00747484862954,8.02150382530432,8.01056436972166
31-May-1978,1.98893993275604,8.16173799651451,8.14717922511979
30-Jun-1978,2.03151841637591,8.39698680568347,8.38161563340924
31-Jul-1978,1.99397644016486,8.32812853453107,8.31153016876937
31-Aug-1978,1.81879961569377,8.19653028463264,8.18316646449591
29-Sep-1978,1.69660983306905,8.25781216415832,8.25021719764351
31-Oct-1978,1.80779895732286,8.7170723504575,8.69339897695625
30-Nov-1978,1.51255449843608,8.53066283144172,8.50830348722329
29-Dec-1978,1.53086682509352,8.82227883284703,8.79442754729376
31-Jan-1979,1.54567426243052,8.59180123146507,8.566795815535
28-Feb-1979,1.72168436836835,8.85358994831306,8.83180987822808
30-Mar-1979,1.72648006003073,8.80264546210672,8.78604909512507
30-Apr-1979,1.83411904511305,8.97220960249415,8.95461208039166
31-May-1979,1.72561766438701,8.72619709581371,8.71448716586472
29-Jun-1979,1.70631514305817,8.46873290702577,8.47029897557159
31-Jul-1979,1.71160104423851,8.6739775950424,8.67478840942778
31-Aug-1979,1.66726117364679,8.89702748534142,8.88779868045145
28-Sep-1979,1.63919076978785,9.08580126357116,9.08014727452607
31-Oct-1979,1.78262744950512,10.2684971780963,10.2561189013302
30-Nov-1979,2.26234665530147,9.95488661805159,9.94268628377049
31-Dec-1979,2.29135205345808,9.96819402382087,9.96242720075397
31-Jan-1980,3.02557728119147,10.7956611094511,10.7968253889385
29-Feb-1980,2.81981236223078,12.0564923989583,12.0100962261441
31-Mar-1980,2.68920544056213,11.8923158424108,11.913722219301
30-Apr-1980,3.33026010185796,10.5589910974095,10.5406412096036
30-May-1980,4.0015537706835,10.1492784133032,10.1284138179368
30-Jun-1980,3.3324039760637,9.74699965989493,9.79559889062659
31-Jul-1980,3.70388071034041,10.3768102596061,10.4389357225362
29-Aug-1980,2.83781980651097,10.9569713413828,10.9962231035922
30-Sep-1980,3.45462769302744,11.4882417720688,11.5150901345613
31-Oct-1980,3.2759986957111,12.0528884622487,12.0351493717719
28-Nov-1980,2.62988288370161,12.0428595808063,12.0408087750796
31-Dec-1980,2.81083378762463,11.8182244205345,11.8413901446356
30-Jan-1981,2.88061873475237,12.0192191807196,12.0346285926275
27-Feb-1981,3.48827523090888,12.7993297268091,12.8215568621742
31-Mar-1981,4.13860382725367,12.8618159082128,12.8411302268875
30-Apr-1981,3.66749124143989,13.3640051834321,13.362978634815
29-May-1981,2.95506575538557,12.6961541008515,12.6999580157073
30-Jun-1981,3.50816252865212,13.0632739644288,13.0569324747838
31-Jul-1981,3.2396111340645,13.6413883603866,13.6410431773091
31-Aug-1981,4.01742762966447,14.4762721185157,14.4506429531394
30-Sep-1981,4.60463731599533,14.907866890565,14.8921460693852
30-Oct-1981,4.70938459400106,14.1676326571794,14.1413451463858
30-Nov-1981,4.3486447573803,12.4800129366916,12.4943342269556
31-Dec-1981,4.59986884719721,13.5504376146028,13.5129611012298
29-Jan-1982,4.45347294235711,13.6715954375671,13.6513086957585
26-Feb-1982,4.24314338007396,13.3909195360966,13.4151176670731
31-Mar-1982,3.79901788740868,13.3908029108712,13.3712727075717
30-Apr-1982,3.80301079826071,13.0302526267361,13.0186716782653
28-May-1982,4.26806413924808,13.09485181929,13.0727005784076
30-Jun-1982,3.98930651359847,13.604302793196,13.5920287009528
30-Jul-1982,4.50120461669763,13.1439898453486,13.1180164841596
31-Aug-1982,4.36923518181445,12.2718761875369,12.2301943714732
30-Sep-1982,4.08832235048902,11.6472140175117,11.6178150737268
29-Oct-1982,3.57430973825128,10.6910823982843,10.6815569587617
30-Nov-1982,3.73397647192126,10.8461466147602,10.834683310387
31-Dec-1982,3.53717125573671,10.5098693719592,10.4896202386254
31-Jan-1983,4.04588710308788,10.9322143064296,10.9149012853482
28-Feb-1983,3.59402920350766,10.3567527420435,10.3548356541933
31-Mar-1983,3.60648715989213,10.6262549351432,10.6139303138827
29-Apr-1983,3.56821911409007,10.3283345090502,10.307768853925
31-May-1983,3.69757007301636,10.7878551529201,10.7741248644727
30-Jun-1983,3.67135932196326,10.9241121929863,10.9072394197383
29-Jul-1983,4.14575453533741,11.7024249835141,11.6903378079304
31-Aug-1983,4.22522560262633,11.8228246373451,11.8123905100932
30-Sep-1983,4.04971321559814,11.362698425119,11.3490559903247
31-Oct-1983,4.34385734747418,11.6145516468351,11.6010867253143
30-Nov-1983,4.05600092329452,11.4516711726944,11.445337943148
30-Dec-1983,4.20416109625199,11.6575669761428,11.6443991538301
31-Jan-1984,4.14753987340637,11.4928930077846,11.4812607338934
29-Feb-1984,4.31467937007149,11.848267335419,11.8332885576183
30-Mar-1984,4.39286542091845,12.2710525511377,12.2437286049305
30-Apr-1984,4.60572322797594,12.5669501067717,12.5395137367731
31-May-1984,5.18116671556196,13.5878098260823,13.5680108659842
29-Jun-1984,5.0034643298033,13.4891077525354,13.4643797262951
31-Jul-1984,4.41054700966846,12.6236363390842,12.5954953952017
31-Aug-1984,4.01425195238142,12.4229348378192,12.412887004919
28-Sep-1984,3.83775728674585,12.0982684689028,12.0873267480481
31-Oct-1984,3.81163979380483,11.4858455019774,11.4770501041708
30-Nov-1984,4.07708802522949,11.4202437312307,11.4152637969054
31-Dec-1984,4.43749547152052,11.490230172137,11.4774213448996
31-Jan-1985,3.98507188927445,11.0464298917943,11.0382867562808
28-Feb-1985,4.42524752435054,11.8018499425411,11.7912965136987
29-Mar-1985,4.3976018227156,11.6089778675104,11.602858636039
30-Apr-1985,4.55249361463295,11.4478866940913,11.444606616874
31-May-1985,3.91067313531239,10.3233796444494,10.3397258795867
28-Jun-1985,4.00615048370748,10.3561989287886,10.3428587981379
31-Jul-1985,4.18963248825904,10.6814398339392,10.6673739032234
30-Aug-1985,3.95305947847767,10.3536783182151,10.367290015886
30-Sep-1985,4.1368309197672,10.4304297584459,10.4507476077863
31-Oct-1985,3.94097452519036,10.1503471624932,10.1593185670751
29-Nov-1985,3.73629083361749,9.79695699045464,9.79380069698544
31-Dec-1985,3.35247581221778,9.17524560923289,9.18097734306474
31-Jan-1986,3.50909398276122,9.30266395627752,9.30271467740468
28-Feb-1986,2.31426580323727,8.21618815599381,8.22090665670586
31-Mar-1986,1.89587780390252,7.51297475312253,7.5090963260071
30-Apr-1986,2.0066786436212,7.56380039727246,7.56688385321502
30-May-1986,2.47570302230344,8.28642577907125,8.28938902187269
30-Jun-1986,2.19571897122428,7.73760209377249,7.737396335043
31-Jul-1986,2.60180168337927,7.82415583517791,7.82424673281554
29-Aug-1986,2.58487224841856,7.36068548371703,7.36345398527172
30-Sep-1986,2.90982995425697,7.91192559696041,7.9137563490456
31-Oct-1986,2.86456100812413,7.70603211779001,7.70601816936514
28-Nov-1986,2.73837881076039,7.53041601035511,7.52933140980379
31-Dec-1986,2.63327360898603,7.56059927109539,7.56282909134562
30-Jan-1987,2.58510058559535,7.45946495294773,7.4595505241556
27-Feb-1987,2.45836247831145,7.38630691982227,7.38807378862499
31-Mar-1987,2.60376700004892,7.66444760923952,7.66320796000936
30-Apr-1987,2.95227101998239,8.39573237286167,8.36212940053858
29-May-1987,2.90905916644183,8.5686614811519,8.55117984665553
30-Jun-1987,2.92552940671152,8.50941073183608,8.50017283964341
31-Jul-1987,3.18570185315691,8.75890943658031,8.75430825873914
31-Aug-1987,3.26389788983829,9.0341339251477,9.0271050008057
30-Sep-1987,3.54458983613939,9.65504513255395,9.64190615709322
30-Oct-1987,3.25810727035426,8.99337125366061,8.97240258371507
30-Nov-1987,3.39822340761843,9.08320934302193,9.05897652019132
31-Dec-1987,3.40297797014896,8.98685887799257,8.9477567196708
29-Jan-1988,3.25633349926328,8.48611338182095,8.48406697253884
29-Feb-1988,3.21396712682983,8.36013953292603,8.36100886865236
31-Mar-1988,3.49003392332056,8.78539792943322,8.76292640927384
29-Apr-1988,3.6706938511137,9.06626054087335,9.06874578529376
31-May-1988,3.56707646483483,9.30501467516229,9.27783681200296
30-Jun-1988,3.24748967636914,8.92047540251737,8.89493719022345
29-Jul-1988,3.49449779591005,9.27913509521598,9.28398676306408
31-Aug-1988,3.11425301059976,9.26097328460198,9.24474185616246
30-Sep-1988,2.82443893458116,8.88792770304859,8.87043544786593
31-Oct-1988,2.79775571235289,8.69639398812552,8.67617786136888
30-Nov-1988,2.63603360496009,9.02154731967438,8.9978452305214
30-Dec-1988,2.30705943583492,9.03990861813815,9.00640402700291
31-Jan-1989,2.07265663047808,8.85213888634968,8.82697245893775
28-Feb-1989,2.16035316005266,9.17745291624731,9.1471164254772
31-Mar-1989,1.89018584953846,9.10052591362053,9.07390767220394
28-Apr-1989,2.15000169807202,8.92871295198055,8.90118966968256
31-May-1989,1.86182974430707,8.52889559120205,8.51512747416365
30-Jun-1989,1.88631709718966,8.10279975709712,8.08226490178819
31-Jul-1989,1.95267002781305,7.79213982915013,7.78305302219202
31-Aug-1989,1.83271332032116,8.20470088758358,8.18714797247253
29-Sep-1989,1.80130314702647,8.26488687203708,8.25128319137221
31-Oct-1989,1.7745374413829,7.91738851494057,7.9089152716683
30-Nov-1989,1.71561444486399,7.80868370843133,7.79753369546676
29-Dec-1989,1.79385658609388,7.92258318709741,7.91073892789747
31-Jan-1990,2.017408951705,8.36350279695834,8.35726281125587
28-Feb-1990,2.08771233285053,8.4680055016237,8.46236409238275
30-Mar-1990,2.04677365791644,8.56971938912701,8.56400211375294
30-Apr-1990,2.28609612137036,8.93214778604801,8.92354141229349
31-May-1990,2.09460515003576,8.53045317759421,8.52388384056201
29-Jun-1990,2.13129611800753,8.39976006774535,8.38529356596235
31-Jul-1990,2.34792904150888,8.33971094650563,8.33224161895681
31-Aug-1990,2.89676466739874,8.89471646409604,8.88865529625056
28-Sep-1990,2.9589130047181,8.87497082570481,8.86475197920187
31-Oct-1990,2.91997676736035,8.68330205754366,8.67584990248314
30-Nov-1990,2.58260549129649,8.29724696682989,8.29070038705729
31-Dec-1990,2.76354060716921,8.22937357137731,8.21926524169732
31-Jan-1991,2.78358796506208,8.15043295682518,8.14340808189627
28-Feb-1991,2.7651147865971,8.14056980734555,8.13564537856547
28-Mar-1991,2.73834258492474,8.17704751762835,8.17475862736373
30-Apr-1991,2.92280324057048,8.18261250027856,8.17452075636167
31-May-1991,3.05480570531683,8.26047450380017,8.24475494230853
28-Jun-1991,3.13529381865108,8.45762650645439,8.44009511924694
31-Jul-1991,3.04680419396791,8.31981561727841,8.30115571942507
30-Aug-1991,3.17809169779149,8.08506272679196,8.06186721536102
30-Sep-1991,2.99583674667392,7.72968339212555,7.71288387034848
31-Oct-1991,3.38800295360321,7.79071914411968,7.77739331985671
29-Nov-1991,3.61889591009572,7.77288235950119,7.75832778542123
31-Dec-1991,3.23303235224662,7.14160896628901,7.12519383135519
31-Jan-1992,3.55599863437293,7.68942457242189,7.66058805110889
28-Feb-1992,3.36442206224396,7.65518604639408,7.62530865663673
31-Mar-1992,3.1415854977805,7.78534784401801,7.75959206983823
30-Apr-1992,3.47082455656967,7.87917755545607,7.84843620812088
29-May-1992,3.45178219588664,7.64611416954371,7.6194234075873
30-Jun-1992,3.78198484132027,7.59926114755666,7.57862138103853
31-Jul-1992,3.58507449558804,7.16849006504798,7.15001118170753
31-Aug-1992,3.92544306106918,7.19883697953539,7.1916236872975
30-Sep-1992,4.0022173136818,7.00427559860947,7.00452919113937
30-Oct-1992,3.5554714890554,7.23738178982723,7.22408421142274
30-Nov-1992,3.268450807917,7.31852936637218,7.30776321248048
30-Dec-1992,3.19262953509449,7.10321290446231,7.09472937478018
29-Jan-1993,3.27130607336757,6.82461364278844,6.81224276370583
26-Feb-1993,3.13181767747152,6.505935801662,6.49419964910891
31-Mar-1993,3.16220584154702,6.54171428309133,6.53100484716648
29-Apr-1993,3.18618643995937,6.45918066232468,6.44599478044877
28-May-1993,2.91021961133654,6.46451613722883,6.46563749802764
30-Jun-1993,2.60047650796525,6.08623453127174,6.09090297987409
30-Jul-1993,2.44489006571143,6.07214564090492,6.07172488349735
31-Aug-1993,2.27291026302449,5.73072171079562,5.73015287897954
30-Sep-1993,2.15946776567958,5.67120822522879,5.6791645190623
29-Oct-1993,2.13345997988968,5.70223391762118,5.7072407029245
30-Nov-1993,2.38060370188806,6.05598359544884,6.05602622863527
31-Dec-1993,2.38931317855052,6.07085558007182,6.07321327758466
31-Jan-1994,2.23252652627992,5.85754187946837,5.86337370951627
28-Feb-1994,2.49239458421266,6.42518544247736,6.42149665359603
31-Mar-1994,2.69528122703084,6.99697000286083,6.97957165275812
29-Apr-1994,2.58321871857243,7.19903039039791,7.19312332151322
31-May-1994,2.56138130280193,7.28743270489505,7.29942179525828
30-Jun-1994,2.76625433902742,7.53153474288013,7.5170225339806
29-Jul-1994,2.50860604560818,7.23506998605471,7.22456748394244
31-Aug-1994,2.44144832315706,7.26946901372488,7.2685453284901
30-Sep-1994,2.57652612253368,7.68199908565451,7.69609475981815
31-Oct-1994,2.60108677767603,7.83885319621051,7.83167664350161
30-Nov-1994,2.20449012840252,7.86504400761155,7.84993915786991
30-Dec-1994,1.97646094066708,7.83071783598859,7.81159408762605
31-Jan-1995,1.91815367448435,7.57972456908399,7.57356116000549
28-Feb-1995,1.96085286325088,7.27576563612964,7.27900360202528
31-Mar-1995,1.9343974082965,7.26772285349809,7.26931699288224
28-Apr-1995,1.83012008032198,7.07283735382578,7.09058251799753
31-May-1995,1.57107951181718,6.39437171567719,6.40444094022335
30-Jun-1995,1.48901359030615,6.29325402541593,6.30960930234222
31-Jul-1995,1.67218651988765,6.52735805733724,6.53706230747621
31-Aug-1995,1.51825009898578,6.36217565802746,6.37515187973112
29-Sep-1995,1.3517920228117,6.22994136803602,6.24773802235483
31-Oct-1995,1.30609968158108,6.07910384824131,6.08606860035422
30-Nov-1995,1.22882634244148,5.85731308259277,5.86308294322591
29-Dec-1995,1.12819227199634,5.67668033891129,5.68348211618243
31-Jan-1996,1.3538763837829,5.71627339471883,5.72371252361321
29-Feb-1996,1.70064384597989,6.225066874472,6.23520108064975
29-Mar-1996,1.72977093664351,6.47108120160383,6.48840760747627
30-Apr-1996,1.85111088749134,6.73345276571091,6.74862233867507
31-May-1996,1.84915566074854,6.87994415782712,6.8941998387481
28-Jun-1996,1.77486534463977,6.73581284567337,6.74713295121783
31-Jul-1996,1.73925251667989,6.78888337216737,6.79852280707184
30-Aug-1996,1.94587360011543,6.98175421535685,6.98755098090856
30-Sep-1996,1.81205493085206,6.7587388400737,6.75433644889589
31-Oct-1996,1.59157481181335,6.40064898573801,6.40924950548621
29-Nov-1996,1.35739471184719,6.08474003417597,6.09963378656744
31-Dec-1996,1.50056259788093,6.42598111653353,6.43717506839325
31-Jan-1997,1.6039781627236,6.51715624551576,6.53032792819841
28-Feb-1997,1.56062694499936,6.57746229156655,6.59320274535256
31-Mar-1997,1.74735901287718,6.94529035127133,6.95748106403259
30-Apr-1997,1.64821303847576,6.75124357374807,6.76444611369358
30-May-1997,1.65419386002059,6.69514430907323,6.70814132627343
30-Jun-1997,1.52918398906523,6.55808342799378,6.57332735801111
31-Jul-1997,1.21098445867874,6.06776547181803,6.07718419589509
29-Aug-1997,1.45840717735777,6.41716561361117,6.42703824541504
30-Sep-1997,1.33452748740346,6.21907245888902,6.21637235798318
31-Oct-1997,1.09502400107654,5.92698500540053,5.93830627423133
28-Nov-1997,0.893446595598086,5.87459976987492,5.88685974019972
31-Dec-1997,0.850108001240628,5.77051646283921,5.77974822150362
30-Jan-1998,0.962889776930234,5.61384279579137,5.62100768954974
27-Feb-1998,0.900291040580215,5.71962226840647,5.72908684832717
31-Mar-1998,0.886079322662853,5.74880877183708,5.76043346300261
30-Apr-1998,1.02910139546691,5.80769016707302,5.80940463558849
29-May-1998,0.884197019627927,5.69541696426464,5.68893647636813
30-Jun-1998,0.714707656682922,5.5413963714066,5.54130207132549
31-Jul-1998,0.745745849404002,5.57398111308477,5.58496619007511
31-Aug-1998,0.655245273286567,5.16901342206701,5.17893290082567
30-Sep-1998,0.627221101042377,4.66700552162862,4.69098475597428
30-Oct-1998,0.992196302180961,4.88598585609137,4.90907963539766
30-Nov-1998,0.685691471836418,4.9197032419332,4.93510646899125
31-Dec-1998,0.778942215557581,4.98641722106654,5.00142605114948
29-Jan-1999,0.824661187960973,4.96272239162051,4.98174081801244
26-Feb-1999,1.07904640491166,5.55745689322247,5.57346178788312
31-Mar-1999,1.24962708859038,5.59295768567964,5.60932425318201
30-Apr-1999,1.23504927061419,5.61406092729895,5.63174826297882
27-May-1999,1.2484467529746,5.9093491632617,5.92409309845056
30-Jun-1999,1.51294169670541,6.09318825585442,6.0963854239747
30-Jul-1999,1.48707842049673,6.20173252912773,6.20968775062524
31-Aug-1999,1.61042307295722,6.32393957273862,6.31957676120085
30-Sep-1999,1.65939985693529,6.27055664656392,6.27162684166504
29-Oct-1999,1.61042139954025,6.33620865423508,6.33542554716938
30-Nov-1999,1.63369836637207,6.45189554497458,6.45301474024758
31-Dec-1999,1.78079309037334,6.72448372803784,6.70089011958507
31-Jan-2000,1.34034098601739,6.70232093265447,6.68658342432064
29-Feb-2000,1.132140394485,6.55615166809184,6.52800811128916
31-Mar-2000,0.802641289105935,6.18130151907762,6.17071380027835
28-Apr-2000,0.8234420084826,6.33467846220615,6.31436274852125
31-May-2000,0.949018362317499,6.42650077859728,6.3907265186936
30-Jun-2000,0.921205190105721,6.19621435758914,6.1737457563069
31-Jul-2000,0.771392324442258,6.10713501965502,6.08895267447762
31-Aug-2000,0.665537248090052,5.90875002758657,5.89472693398335
29-Sep-2000,0.996966382430823,6.00487874553801,5.99004514713167
31-Oct-2000,0.827450571673753,5.89814512011835,5.88462643175193
30-Nov-2000,0.717994627368357,5.59610741808801,5.59391565174989
29-Dec-2000,0.776745144619953,5.34271648993012,5.3427520768146
31-Jan-2001,1.11967463235607,5.37424663522243,5.37673553254698
28-Feb-2001,1.08176012105095,5.21027958413387,5.21471577972846
30-Mar-2001,1.3650512809243,5.26400547432856,5.26934554614793
30-Apr-2001,1.68908870318332,5.61620951457267,5.6192320963312
31-May-2001,1.82658683067698,5.68951489116077,5.68923207421848
29-Jun-2001,1.80587132049555,5.69400547150891,5.69103072275852
31-Jul-2001,1.65065931900052,5.31391133048896,5.32271227161948
31-Aug-2001,1.5995292763689,5.1776334805164,5.18719187155322
28-Sep-2001,2.0700930223653,5.03331109427128,5.04560320474712
31-Oct-2001,1.90004234460545,4.68848490221205,4.70258586408697
30-Nov-2001,2.31296852793679,5.23802779350463,5.24717614287358
31-Dec-2001,2.39428830758477,5.49817249298592,5.51059254235155
31-Jan-2002,2.28927089246344,5.43599709746826,5.44311933907331
28-Feb-2002,2.30932079279499,5.33112066194256,5.33707719237385
28-Mar-2002,2.40278568130768,5.82713676573489,5.82477749926866
30-Apr-2002,2.26021918570953,5.46505099584641,5.47495381935269
31-May-2002,2.39639971454359,5.41929981491629,5.4221669896244
28-Jun-2002,2.35406180162342,5.22774084102001,5.24230174848893
31-Jul-2002,2.41378346647256,4.89147578409454,4.91283509140109
30-Aug-2002,2.18364562295735,4.54610814007137,4.55884331976816
30-Sep-2002,2.03720386778401,4.09460479481255,4.11005595708856
31-Oct-2002,2.39088573840562,4.37711442694506,4.39495310004157
29-Nov-2002,2.37480233938347,4.65859125881739,4.66850571747915
31-Dec-2002,2.23877275355457,4.23185589820503,4.24866419918791
31-Jan-2003,2.2077800744351,4.36101301820408,4.37812302719391
28-Feb-2003,2.05575302131717,4.0629380414621,4.07854563929946
31-Mar-2003,2.191280071085,4.19708963285154,4.21580097521508
30-Apr-2003,2.15048274960392,4.21129467874191,4.22311187414976
30-May-2003,1.81940065548355,3.65839976942023,3.67022979823759
30-Jun-2003,1.96374788013261,3.82682788308459,3.83830520932144
31-Jul-2003,2.79689285198991,4.85874472268923,4.86871195292801
29-Aug-2003,2.53250062155714,4.7960462091083,4.80992298673654
30-Sep-2003,2.30856066008002,4.26373558681771,4.27980739714901
31-Oct-2003,2.45332318881572,4.62338680277619,4.63858158026907
28-Nov-2003,2.33262447183261,4.63019050122386,4.64422691898131
31-Dec-2003,2.34349176787841,4.53790561275399,4.55441839952193
30-Jan-2004,2.20737903937168,4.42787796259034,4.44451762843663
27-Feb-2004,2.09083884551677,4.25576500224654,4.27451288926598
31-Mar-2004,2.08686206051043,4.11759663800618,4.13496557915007
30-Apr-2004,2.30529796128342,4.80807619821761,4.82086098149079
28-May-2004,2.31062452314341,4.94517863305562,4.95173240039385
30-Jun-2004,2.13976716628469,4.87660972499375,4.88343338009657
30-Jul-2004,2.00922593357439,4.74660196088695,4.75436933839611
31-Aug-2004,1.81142951523308,4.38166246996498,4.39678410064624
30-Sep-2004,1.63632046363211,4.35024190252487,4.36774807005825
29-Oct-2004,1.55473540981721,4.26069710158238,4.27566208602409
30-Nov-2004,1.55738004361861,4.5504538414533,4.56738099327787
31-Dec-2004,1.3357515481991,4.39069887393336,4.40703222009197
31-Jan-2005,0.973072286398023,4.25594228622711,4.27160656301998
28-Feb-2005,0.942761930174962,4.45797230010952,4.47324271623975
31-Mar-2005,0.959940924911757,4.58866404870233,4.60305996648563
29-Apr-2005,0.71438268264727,4.27891605333292,4.29463381404012
31-May-2005,0.501409064255422,4.07272334028811,4.08866143641163
30-Jun-2005,0.344762518352749,3.99238231481301,4.00693334658189
29-Jul-2005,0.414952999973803,4.32206635997607,4.33614337381431
31-Aug-2005,0.25988252341677,4.07084693811664,4.08436088341717
30-Sep-2005,0.435295374200034,4.42500959216244,4.41461676677941
31-Oct-2005,0.513985533982847,4.63809904080382,4.64651594728007
30-Nov-2005,0.4860200770616,4.59942115503925,4.60833149791564
30-Dec-2005,0.226099445484339,4.43068207338128,4.44218470259221
31-Jan-2006,0.274280867594133,4.57194514709128,4.58031641980922
28-Feb-2006,0.13900727049879,4.59179084927117,4.59939379643412
31-Mar-2006,0.471129927846839,4.90782025678956,4.91718826472871
28-Apr-2006,0.712434254123173,5.10623886169944,5.11382706191031
31-May-2006,0.671840378022943,5.16227669196617,5.17184784270881
30-Jun-2006,0.584099744789671,5.16824852882009,5.17069547847622
31-Jul-2006,0.513051529240427,5.00551877391205,5.01173414591974
31-Aug-2006,0.363238887072844,4.78549376426484,4.78530839143038
29-Sep-2006,0.298681467406749,4.67596889610295,4.67664081968261
31-Oct-2006,0.257643675478217,4.64120097349447,4.64233757295803
30-Nov-2006,0.155027911529181,4.49401108969669,4.49653922248484
29-Dec-2006,0.298960921076201,4.73848217655139,4.74444576467982
31-Jan-2007,0.326876990457704,4.84107424262676,4.84762378731356
28-Feb-2007,0.275698093045009,4.60825988748068,4.60972606374004
30-Mar-2007,0.43999148311952,4.71636939186117,4.71802539102934
30-Apr-2007,0.396228123800985,4.67850034549861,4.6792520739967
31-May-2007,0.450205787862751,4.91997512416905,4.92916363947078
29-Jun-2007,0.63373478936432,5.06733375268478,5.06993103460733
31-Jul-2007,0.622446722249025,4.86239098770472,4.85688483344044
31-Aug-2007,0.772482531455172,4.66390958006989,4.66524571392242
28-Sep-2007,0.970641270212195,4.71922853695943,4.7130071336306
31-Oct-2007,0.87233388298123,4.61257259773873,4.60418672249041
30-Nov-2007,1.11086713772033,4.23403427618521,4.21341064781325
31-Dec-2007,1.23885931867253,4.30814166242753,4.2859054082815
31-Jan-2008,1.55583468495982,3.96471517975097,3.95845628883213
29-Feb-2008,1.803575863869,3.88486625669035,3.88368526646301
31-Mar-2008,1.9281662865101,3.81320222363638,3.82358502877788
30-Apr-2008,1.56782480135369,4.065296992786,4.07432789995694
30-May-2008,1.57597946961068,4.37083510532189,4.37461362379312
30-Jun-2008,1.44064927183024,4.25068128944274,4.25523097822893
31-Jul-2008,1.58024650277402,4.24243673665998,4.25012504842861
29-Aug-2008,1.55093623741766,4.10167814697402,4.10667174595435
30-Sep-2008,2.03008523047191,4.26265080762273,4.23936366438926
31-Oct-2008,3.43701342262387,4.90402354340758,4.83546204970472
28-Nov-2008,2.39072415320255,3.68288574642482,3.6351449808644
31-Dec-2008,1.46822912570248,2.89921839915242,2.8790678690403
30-Jan-2009,2.2275772800617,3.59094945303229,3.57868799096791
27-Feb-2009,2.25440961116127,3.71268299463484,3.69516393696293
31-Mar-2009,1.70148851253971,3.15397025965735,3.154715084631
30-Apr-2009,2.15125759263394,3.6212689612193,3.62651279544725
29-May-2009,2.60680830330978,4.01708907590276,3.99645718608333
30-Jun-2009,2.36717326442116,4.04329841917351,4.01844736647697
31-Jul-2009,2.28004155943443,3.9769264908194,3.96146857350695
31-Aug-2009,2.26629302534008,3.88313385978383,3.85926913382208
30-Sep-2009,2.10644802227713,3.73700659041186,3.71497052294986
30-Oct-2009,2.24974147805284,3.81214304700258,3.79466214583967
30-Nov-2009,2.23209797087113,3.59068865514228,3.57109409222345
31-Dec-2009,2.54936617926158,4.19804184989777,4.18244532423933
29-Jan-2010,2.5287396183512,3.98247081920092,3.95611946896373
26-Feb-2010,2.57110689402388,3.97807245375543,3.95318308095515
31-Mar-2010,2.53349472351972,4.13694451755451,4.1185631657139
30-Apr-2010,2.32622537424808,3.9523483260783,3.93328189697925
28-May-2010,2.04943631346769,3.61854772877561,3.60318537372004
30-Jun-2010,1.78781046936697,3.25096244960496,3.24002485731884
30-Jul-2010,1.91191503512316,3.1862970612503,3.17364513785868
31-Aug-2010,1.26522162582864,2.66692266022205,2.6630132077014
30-Sep-2010,1.46463498441663,2.73430555001947,2.73391958694916
29-Oct-2010,1.78946369451525,2.84206009519949,2.8482449942353
30-Nov-2010,1.83036559517786,3.02901821350178,3.03556134998901
31-Dec-2010,2.14210565809256,3.55291904560665,3.54480237774615
31-Jan-2011,2.42197342107584,3.65715190995432,3.64935797605843
28-Feb-2011,2.16070476028738,3.64223282750302,3.6385413694983
31-Mar-2011,2.1345662111301,3.69852944619172,3.6976957882858
29-Apr-2011,2.23531157160525,3.56291542027226,3.55258073159836
31-May-2011,2.0866814485057,3.27862731713429,3.27002529503807
30-Jun-2011,2.29221034980808,3.43681858246652,3.43022997376465
29-Jul-2011,1.98609695559831,3.01181082514821,3.01742071939952
31-Aug-2011,1.26481774928336,2.37719403250403,2.39510372761561
30-Sep-2011,0.648322122794674,2.0460988866614,2.06063662063409
31-Oct-2011,1.04365354424128,2.29958371257769,2.3063228923545
30-Nov-2011,0.894469934508915,2.19798809605301,2.20625761599399
30-Dec-2011,0.595668321139404,1.96751636331751,1.98428949755368
31-Jan-2012,0.589291926643679,1.87527735723949,1.90126090984006
29-Feb-2012,0.67982824866423,2.0327336750677,2.05793505516269
30-Mar-2012,1.01152228050828,2.32629141168137,2.34585386374502
30-Apr-2012,0.682890972558968,2.00244377879658,2.02875333049008
31-May-2012,0.0708677328817287,1.58544975439064,1.61454466726701
29-Jun-2012,0.158303540312028,1.67559560585068,1.70726213660555
31-Jul-2012,0.0558256037371996,1.52355671485248,1.55220560501471
31-Aug-2012,0.152837298137343,1.57959219509743,1.60918730910689
28-Sep-2012,0.250700536344626,1.64089452515577,1.67604562670033
31-Oct-2012,0.271473287305077,1.72087695245136,1.75217154164676
30-Nov-2012,0.182633778378321,1.61234309972092,1.64593001830553
31-Dec-2012,0.395577146581925,1.7823340776636,1.8136781246441
31-Jan-2013,0.734316555047267,2.05204945014896,2.07601060265648
28-Feb-2013,0.620373689440308,1.92186223533357,1.95229468313951
28-Mar-2013,0.559483209583765,1.88505769241679,1.91897637820199
30-Apr-2013,0.334127681817594,1.70257027172128,1.73561121984011
31-May-2013,0.875190161813198,2.22554428800096,2.24578637695487
28-Jun-2013,1.16766524676242,2.63486028816989,2.63896192337551
31-Jul-2013,1.42976581374333,2.74986524379353,2.74571410584712
30-Aug-2013,1.47594602123047,2.94495223874138,2.93395143423419
30-Sep-2013,1.46872059139767,2.7845087146069,2.7800261907439
31-Oct-2013,1.43252825448397,2.71269651567786,2.70752403671565
29-Nov-2013,1.77388605562349,2.93825436676942,2.92545360788397
31-Dec-2013,1.86367228399576,3.23492518508238,3.20967875049123
31-Jan-2014,1.40181013607053,2.83481260546669,2.82194065059175
28-Feb-2014,1.33536213348017,2.80921501228857,2.79702305535408
31-Mar-2014,1.14922813364078,2.86635531179517,2.86004031259128
30-Apr-2014,1.08174949963543,2.79758852545395,2.78897252752613
30-May-2014,0.874448558957071,2.58608755163699,2.58300785590083
30-Jun-2014,0.863357152137479,2.63459406711462,2.63460300562972
31-Jul-2014,0.711367700778061,2.66425029589285,2.67580456906314
29-Aug-2014,0.440684712029858,2.42978825655406,2.44330694098044
30-Sep-2014,0.568648719383405,2.6016679249889,2.61516906138875
31-Oct-2014,0.482516636114208,2.45308853979401,2.45818362027866
28-Nov-2014,0.270788123136392,2.26105274770009,2.27170954540123
31-Dec-2014,0.039159192699231,2.24130082492154,2.24319860545536
30-Jan-2015,-0.268286802325281,1.76278098092678,1.77425471814418
27-Feb-2015,-0.0586633684610778,2.08694855697559,2.09636296078213
31-Mar-2015,-0.0370376045485257,2.01815143986947,2.02000982498991
30-Apr-2015,0.145644914591454,2.14100718378574,2.14130068230185
29-May-2015,0.246844005744298,2.23053956734434,2.23191682172028
30-Jun-2015,0.486422791592948,2.46364261943891,2.45563350995014
31-Jul-2015,0.247357876617616,2.27866777879033,2.26990573633899
31-Aug-2015,0.262395371678706,2.3076529542076,2.30478108362648
30-Sep-2015,0.201185551013031,2.13751227994674,2.13618715968099
30-Oct-2015,0.180186300830227,2.2452750364727,2.24014970631139
30-Nov-2015,0.128632288763171,2.31966417968711,2.31468389278294
31-Dec-2015,0.108837536598744,2.38414835465876,2.37753942935117
29-Jan-2016,-0.0240167604564503,2.02372180881077,2.02214886740842
29-Feb-2016,-0.24942475623499,1.8408408543113,1.84082336055579
31-Mar-2016,-0.173685165330931,1.86001283014796,1.85816968226396
29-Apr-2016,-0.190236698323908,1.89330992732194,1.89312781771817
31-May-2016,-0.291378375299745,1.9157008605604,1.91246362294901
30-Jun-2016,-0.518352530022252,1.53724803073014,1.53439814173514
29-Jul-2016,-0.62102420274159,1.50076320136588,1.49837712882668
31-Aug-2016,-0.622682172596747,1.62470163650075,1.62498222501279
30-Sep-2016,-0.528279374795859,1.6455861474373,1.64949200621193
31-Oct-2016,-0.281282472510582,1.89033070127568,1.89276482587573
30-Nov-2016,0.132382092848817,2.47773434457255,2.46909337182287
30-Dec-2016,0.183625664288682,2.55641843269993,2.54661848873054
31-Jan-2017,0.176388328854002,2.53276130778379,2.52579328843759
28-Feb-2017,0.0148223643453091,2.44055648290129,2.43700303064513
31-Mar-2017,-0.00489363888294703,2.47350791277164,2.46968317969705
28-Apr-2017,-0.0899319301675123,2.3547431333874,2.35166019253412
31-May-2017,-0.207548750098621,2.266960667104,2.26682905860129
30-Jun-2017,-0.171403592938851,2.3616516996079,2.35572816677653
31-Jul-2017,-0.12805337009209,2.35090809146209,2.3476768555452
31-Aug-2017,-0.329021473379711,2.16001565625677,2.15904149740097
29-Sep-2017,-0.213930826137767,2.36711993247288,2.36383300445991
31-Oct-2017,-0.264263891197222,2.40339143580431,2.4009242703043
30-Nov-2017,-0.356467702711722,2.45331510000528,2.45179460734912
29-Dec-2017,-0.474803462304639,2.4364248030763,2.43202619685859
31-Jan-2018,-0.345504949106295,2.7316304285456,2.72747609621394
28-Feb-2018,-0.207170423049034,2.90325483949147,2.89796097780963
29-Mar-2018,-0.410630985873457,2.74472954767549,2.74192095951443
30-Apr-2018,-0.344663326120524,2.94111094952198,2.93990002597601
31-May-2018,-0.417591529188964,2.83342739276948,2.83051116816497
29-Jun-2018,-0.383483219347775,2.87438834012818,2.8651386596692
31-Jul-2018,-0.372742030580906,2.957759261807,2.95444358553417
31-Aug-2018,-0.455995883829317,2.85748227524852,2.85556135907724
28-Sep-2018,-0.348654462338536,3.05095107044949,3.0462599696066
31-Oct-2018,-0.221984611827233,3.15524184079201,3.15304957618254
30-Nov-2018,-0.378351725817069,2.99872563971857,3.00708863335694
31-Dec-2018,-0.534289534875938,2.69997856995388,2.69913296721437
31-Jan-2019,-0.593306448917958,2.61485636841441,2.62058994823445
28-Feb-2019,-0.521520355637856,2.72144074767229,2.727111931248
29-Mar-2019,-0.712267616105271,2.41122606667546,2.41431783953671
30-Apr-2019,-0.560717564091686,2.521665153651,2.52229054314882
31-May-2019,-0.818427591223059,2.1609171310937,2.15943357457781
28-Jun-2019,-0.814671723602271,2.0157389638954,2.01869314613942
31-Jul-2019,-0.923529906767719,2.01385276117641,2.02086446607982
30-Aug-2019,-1.28254352496865,1.51512765939139,1.52235194613339
30-Sep-2019,-1.14995201926121,1.68725414852333,1.69386419113932
31-Oct-2019,-1.04249585987468,1.69192762844485,1.7044695787595
29-Nov-2019,-1.00056742734494,1.79853678464192,1.80900607141622
31-Dec-2019,-0.778905239090703,1.95415658840149,1.961100157895
31-Jan-2020,-1.11233376505795,1.51963758088206,1.52883938348777
28-Feb-2020,-1.27553090396008,1.13853321820664,1.14904968419898
31-Mar-2020,-1.18965980896525,0.773943467954088,0.78584664523587
30-Apr-2020,-1.2830780973762,0.684353841539754,0.696142090453554
29-May-2020,-1.23935995623524,0.67002839867342,0.684215565373402
30-Jun-2020,-1.21680499448534,0.669002091668097,0.682244033833703
31-Jul-2020,-1.36055655690979,0.540994908024491,0.551671947404315
31-Aug-2020,-1.09970241512524,0.716957049485835,0.731975028157531
30-Sep-2020,-1.16605712052756,0.674083992856287,0.689309802523449
30-Oct-2020,-0.905134777309251,0.888689037526088,0.897868302668427
30-Nov-2020,-0.957576989007192,0.846345016036514,0.855548512138715
31-Dec-2020,-0.802720582006482,0.924669340159645,0.933137824164499
29-Jan-2021,-0.522928614004736,1.12681036402739,1.13317653073934
26-Feb-2021,-0.104097953970503,1.54385673779728,1.54064133560264
31-Mar-2021,0.298981647070048,1.86734399880851,1.85099388442325
30-Apr-2021,0.166754258315909,1.75404892188504,1.74038253359101
28-May-2021,0.137896722328826,1.68925321112976,1.68053409055194
30-Jun-2021,-0.264792899902185,1.53199111895401,1.53031718683123
30-Jul-2021,-0.4847458939722,1.30080003654569,1.30470563351859
31-Aug-2021,-0.48010279500987,1.35720637531742,1.36014345012175
30-Sep-2021,-0.304797437034749,1.59231777796806,1.59097058508747
29-Oct-2021,-0.472230588946492,1.62942635349512,1.63386508768658
30-Nov-2021,-0.713408922984747,1.49240736309121,1.50648273277024
31-Dec-2021,-0.670426932054308,1.58523370249227,1.59069558101366
31-Jan-2022,-0.649395411043162,1.86296948187989,1.87276776173076
28-Feb-2022,-0.784058727166098,1.88075522519256,1.90159920098942
31-Mar-2022,-0.850261920880737,2.34043615233082,2.36396032286274
29-Apr-2022,-0.38463116513791,2.94214241426849,2.94771604188702
31-May-2022,-0.376741593339284,2.90127539781762,2.92337394136877
30-Jun-2022,-0.337862334484286,3.10302400537714,3.09846848840449
29-Jul-2022,-0.86712653013201,2.68238621861533,2.70688167089556
31-Aug-2022,-0.748548202861227,3.17708915093722,3.1975290209313
30-Sep-2022,-0.505914137254586,3.86193678078568,3.87666901687966
31-Oct-2022,-0.196502678404202,4.18877112973633,4.18773471492436
30-Nov-2022,-0.742571174318689,3.65726477864157,3.67836728636205
30-Dec-2022,-0.57280222757515,3.85312746688377,3.87077154019564
31-Jan-2023,-0.793245341670092,3.48783882365069,3.50159511613331
28-Feb-2023,-0.48777716127761,3.99158335437243,3.96453053604074
31-Mar-2023,-0.723723720975856,3.51517812986843,3.52174819003519
28-Apr-2023,-0.735165420275797,3.46946533723634,3.47288751754698
31-May-2023,-0.682906237719434,3.67769562171356,3.6853535250709
30-Jun-2023,-0.761256115978188,3.84994131969873,3.83223682581023
31-Jul-2023,-0.626719504792894,3.97159656581669,3.97739217527192
31-Aug-2023,-0.512033773413801,4.08776054983853,4.1027286981661
29-Sep-2023,0.149315149077403,4.6719797770798,4.65697444781378
31-Oct-2023,0.403704229907229,4.95275597849078,4.95586731186305
30-Nov-2023,0.0543130391828486,4.42958089876695,4.43648655744293
29-Dec-2023,-0.337477334079502,3.90505684942354,3.90844231423184
31-Jan-2024,-0.206558205894598,4.00212337667792,4.00732203321039
29-Feb-2024,-0.159778529540088,4.25903156609498,4.26438235043065
28-Mar-2024,-0.265795231682224,4.17390346625895,4.18166745774052
30-Apr-2024,-0.037009747298729,4.62815229032929,4.64111890086343
31-May-2024,0.00361654342962137,4.50883445732642,4.50133093338989
28-Jun-2024,-0.125611964543169,4.32820138846736,4.33581563057555
31-Jul-2024,-0.115765585557758,4.07178774348597,4.07799689923874
30-Aug-2024,-0.128677764337359,3.90316943952585,3.91469134636135
30-Sep-2024,-0.113330537433241,3.78384145129663,3.80339298022741
31-Oct-2024,0.161366776416836,4.29661254884815,4.29938858937533
29-Nov-2024,0.0812644841276429,4.18607854215186,4.19365057044777
31-Dec-2024,0.478600697228544,4.58656388619337,4.59242936648513
31-Jan-2025,0.488183708655331,4.59471884748818,4.59760889822136
28-Feb-2025,0.259050259772582,4.25517501731211,4.25940323366806
31-Mar-2025,0.368740614508917,4.25137234495187,4.2571088078304
30-Apr-2025,0.591704472397278,4.2184187349648,4.22765301247459
30-May-2025,0.737829969391612,4.46578309886081,4.47541571486847
30-Jun-2025,0.622261314613729,4.28086706376641,4.29046877812261
31-Jul-2025,0.631535189933337,4.39821279059184,4.40855577302233
29-Aug-2025,0.773763134134092,4.273507562342,4.28853475687479
30-Sep-2025,0.612220862162136,4.19873883743195,4.21028052562976
31-Oct-2025,0.564177890118777,4.15363496728036,4.16523970666126
28-Nov-2025,0.583860382515845,4.08327546885282,4.09833663527852
31-Dec-2025,0.752432081720561,4.24475256267755,4.25679652928417
30-Jan-2026,0.766279507262309,4.31385345163178,4.32496092486971
27-Feb-2026,0.597138288526749,4.030717929139,4.04438704632222
31-Mar-2026,0.653922683494117,4.34679825581225,4.36629661595851
30-Apr-2026,0.718869033995807,4.44757184312419,4.46489226266502
29-May-2026,0.664806649389082,4.51278587425379,4.52563852347487
30-Jun-2026,0.510789667068488,4.47717229081959,4.49095998278098
31-Jul-2026,0.836348421229078,4.82303209136797,4.83483964203813
31-Aug-2026,0.762512945770763,4.81709604148492,4.82610113666976
