quarter,date,cap_adjusted_bn,cap_broad_bn,etf_bn,cef_bn,gdp_bn_saar,buffett_adjusted,buffett_broad
2003Q1,2003-03-31,9827.85,10095.861,100.831,167.18,11174.129,87.95182156926951,90.35031723725402
2003Q2,2003-06-30,11404.107,11716.408,121.572,190.729,11312.766,100.80741526873268,103.56802217954478
2003Q3,2003-09-30,11846.417,12170.613,119.753,204.443,11566.669,102.41857011729132,105.22141681412342
2003Q4,2003-12-31,13250.033,13616.926,150.983,215.91,11772.234,112.55325879522952,115.66985501647349
2004Q1,2004-03-31,13628.93,14025.056,161.704,234.422,11923.447,114.30360700223686,117.62585098084472
2004Q2,2004-06-30,13756.619999999999,14171.603,178.537,236.446,12112.815,113.57079258619899,116.99677572884583
2004Q3,2004-09-30,13466.958,13893.224,181.392,244.874,12305.307,109.44024395327966,112.90432656414016
2004Q4,2004-12-31,14780.528999999999,15263.523,227.539,255.455,12527.214,117.98735936018974,121.84291734778378
2005Q1,2005-03-31,14372.835,14865.668,231.307,261.526,12767.286,112.57549176857164,116.43561521219154
2005Q2,2005-06-30,14660.304999999998,15177.196,245.299,271.592,12922.656,113.44653142511878,117.44641349270614
2005Q3,2005-09-30,15152.648,15693.319,262.858,277.813,13142.642,115.29377426547873,119.4076426946728
2005Q4,2005-12-31,15357.556,15934.857,300.819,276.482,13324.204,115.26058892523712,119.59331304143947
2006Q1,2006-03-31,16114.358,16725.009,329.207,281.444,13599.16,118.49524529456231,122.9856035225705
2006Q2,2006-06-30,15626.626,16253.386,345.705,281.055,13753.424,113.61989567107071,118.17701541085333
2006Q3,2006-09-30,16159.359,16808.845,361.698,287.788,13870.188,116.50425358329679,121.18685774122167
2006Q4,2006-12-31,17172.878,17894.538,422.55,299.11,14039.56,122.31777918966122,127.457968768252
2007Q1,2007-03-31,17273.682000000004,18031.237,444.26,313.295,14215.651,121.51171972356387,126.84074053309273
2007Q2,2007-06-30,18051.507,18861.542,485.926,324.109,14402.082,125.33956548782322,130.963995344562
2007Q3,2007-09-30,17996.977,18876.78,551.101,328.702,14564.117,123.57067029878982,129.61156519135352
2007Q4,2007-12-31,17097.868000000002,18022.425,608.422,316.135,14715.058,116.19300447201772,122.47607178986314
2008Q1,2008-03-31,15381.121000000001,16244.189,571.108,291.96,14706.538,104.58695989498004,110.45556064928402
2008Q2,2008-06-30,14993.503999999999,15850.97,578.066,279.4,14865.701,100.85971727804831,106.6278004649764
2008Q3,2008-09-30,13692.529,14503.919,579.509,231.881,14898.999,91.90234189558642,97.348278229967
2008Q4,2008-12-31,10707.458,11423.842,531.286,185.098,14608.209,73.29754112910076,78.20152354063389
2009Q1,2009-03-31,9455.092999999999,10116.82,482.019,179.708,14430.902,65.51976446101567,70.10525052418761
2009Q2,2009-06-30,11019.17,11808.6,590.338,199.092,14381.236,76.62185642457992,82.11116207257845
2009Q3,2009-09-30,12851.994,13765.992,693.376,220.622,14448.882,88.94801687770723,95.27375197610445
2009Q4,2009-12-31,13446.209,14447.744,777.128,224.407,14651.249,91.775172205455,98.61100579206592
2010Q1,2010-03-31,14283.424,15319.101,805.364,230.313,14764.61,96.74095015039342,103.75554112164154
2010Q2,2010-06-30,12722.453,13718.124,772.206,223.465,14980.193,84.92849858476457,91.57508184307105
2010Q3,2010-09-30,14047.508,15170.467,882.745,240.214,15141.607,92.77422138878654,100.19060064100198
2010Q4,2010-12-31,15620.469000000001,16851.842,991.989,239.384,15309.474,102.03138919077168,110.07459825203661
2011Q1,2011-03-31,16549.203,17848.126,1055.034,243.889,15351.448,107.8022281676621,116.26346908773688
2011Q2,2011-06-30,16404.006999999998,17730.091,1077.345,248.739,15557.539,105.44088624813986,113.96462512483498
2011Q3,2011-09-30,13804.036,14996.215,951.457,240.722,15647.68,88.21778052720914,95.83666716088264
2011Q4,2011-12-31,15216.444000000001,16508.609,1048.141,244.024,15842.259,96.04971109233854,104.20615519541754
2012Q1,2012-03-31,17036.745000000003,18479.808,1193.177,249.886,16068.805,106.02372111678498,115.00424580421506
2012Q2,2012-06-30,16382.249000000002,17800.007,1166.66,251.098,16207.115,101.08059947745173,109.82835007957927
2012Q3,2012-09-30,17178.739999999998,18722.013,1281.125,262.148,16319.541,105.26484782874714,114.7214434523618
2012Q4,2012-12-31,17056.078,18658.375,1337.122,265.175,16420.419,103.8711496947794,113.62910410507794
2013Q1,2013-03-31,18883.06,20609.268,1446.268,279.94,16648.189,113.42410877243167,123.79285218350178
2013Q2,2013-06-30,19315.647,21011.651,1417.649,278.355,16728.687,115.46421425662396,125.60251142244456
2013Q3,2013-09-30,20342.041999999998,22162.549,1541.948,278.559,16953.838,119.98487894009602,130.7229017995807
2013Q4,2013-12-31,22188.301,24144.82,1674.713,281.806,17192.019,129.06163609986703,140.44202719878334
2014Q1,2014-03-31,22578.809999999998,24578.947,1710.738,289.399,17197.738,131.2894172477799,142.91965024702668
2014Q2,2014-06-30,23596.649,25728.25,1831.962,299.639,17518.508,134.6955402823117,146.8632488565807
2014Q3,2014-09-30,23429.338,25557.878,1831.035,297.505,17804.228,131.59423705425476,143.54948723415586
2014Q4,2014-12-31,24424.684999999998,26690.849,1974.551,291.613,17912.079,136.3587387036424,149.0103354278417
2015Q1,2015-03-31,24507.705,26862.794,2063.204,291.885,18063.529,135.6750665941301,148.7128788621537
2015Q2,2015-06-30,24317.397,26686.22,2083.14,285.683,18279.784,133.02890778140488,145.98761123216772
2015Q3,2015-09-30,22334.578,24557.428,1955.834,267.016,18401.626,121.37285042093565,133.45248947022398
2015Q4,2015-12-31,23348.315,25711.985,2100.68,262.99,18435.137,126.65116076978435,139.4727090989343
2016Q1,2016-03-31,23131.083000000002,25547.985,2154.998,261.904,18525.933,124.85785736135395,137.90390475880486
2016Q2,2016-06-30,23576.254,26074.367,2229.526,268.587,18711.702,125.99737853884162,139.34791714831712
2016Q3,2016-09-30,24339.982,26999.789,2387.532,272.275,18892.639,128.83315030790564,142.91168639807282
2016Q4,2016-12-31,25124.715,27914.058,2524.541,264.802,19089.379,131.6161987249559,146.22821412891432
2017Q1,2017-03-31,26357.853,29403.857,2774.752,271.252,19280.084,136.71026018351372,152.50896728458238
2017Q2,2017-06-30,26982.479,30200.996,2944.343,274.174,19438.643,138.80844974620913,155.3657629290275
2017Q3,2017-09-30,27931.4,31346.006,3137.55,277.056,19692.595,141.8370712442926,159.17661435681788
2017Q4,2017-12-31,29491.878,33170.197,3401.019,277.3,20037.088,147.1864474518453,165.54400020601798
2018Q1,2018-03-31,29129.413,32809.752,3411.6,268.739,20328.553,143.29309616872385,161.39738032510235
2018Q2,2018-06-30,30123.628999999997,33892.93,3497.885,271.416,20580.912,146.36683252909296,164.68138049470306
2018Q3,2018-09-30,31868.285,35841.521,3700.859,272.377,20798.73,153.2222640516993,172.32552660667264
2018Q4,2018-12-31,26918.666,30542.025,3371.154,252.205,20917.867,128.6874326144248,146.00927044808154
2019Q1,2019-03-31,30355.258,34395.155,3771.298,268.599,21111.6,143.78473445878097,162.9206455218932
2019Q2,2019-06-30,31485.049,35691.388,3933.355,272.984,21397.938,147.1405749469879,166.79825878549607
2019Q3,2019-09-30,31466.089999999997,35764.645,4024.327,274.228,21717.171,144.89037269172857,164.6837196244391
2019Q4,2019-12-31,33851.669,38526.55,4396.207,278.674,21933.217,154.33973502382256,175.6538951855535
2020Q1,2020-03-31,26705.695999999996,30576.726,3639.718,231.312,21751.238,122.77782073829542,140.57464683159643
2020Q2,2020-06-30,32662.697999999997,37269.03,4355.705,250.627,19958.291,163.65478386901964,186.73457562072824
2020Q3,2020-09-30,35781.119999999995,40764.484,4725.232,258.132,21704.437,164.8562457528845,187.81636215673316
2020Q4,2020-12-31,41286.794,47014.703,5449.361,278.548,22087.16,186.92667595109558,212.8598832987129
2021Q1,2021-03-31,44112.034,50311.443,5909.739,289.67,22680.693,194.49156161145518,221.82498127372034
2021Q2,2021-06-30,48037.929,54829.467,6491.253,300.285,23425.91,205.0632355370613,234.05480085939027
2021Q3,2021-09-30,47982.441999999995,54865.558,6580.569,302.547,23982.379,200.07373747199972,228.77445978149206
2021Q4,2021-12-31,51953.711,59448.087,7190.515,303.861,24813.6,209.37595109133704,239.57864638746497
2022Q1,2022-03-31,48867.606,56166.961,7014.506,284.849,25250.347,193.53241363376114,222.4403529979212
2022Q2,2022-06-30,40263.953,46675.199,6156.505,254.741,25861.292,155.69196233506045,180.48285831968488
2022Q3,2022-09-30,38278.914,44409.981,5892.048,239.019,26336.304,145.34656799222853,168.626474694399
2022Q4,2022-12-31,40257.377,46982.196,6476.913,247.906,26770.514,150.37954444953877,175.49979055314367
2023Q1,2023-03-31,42797.25,49927.558,6882.604,247.704,27216.445,157.2477595806506,183.44628771318222
2023Q2,2023-06-30,46093.585,53641.838,7299.65,248.603,27530.055,167.43005053931057,194.84827763693173
2023Q3,2023-09-30,44290.78999999999,51662.304,7134.461,237.053,28074.846,157.7596899373909,184.01633975124918
2023Q4,2023-12-31,49104.912000000004,57440.881,8085.698,250.271,28424.722,172.75423837038758,202.0807134015242
2024Q1,2024-03-31,53644.194,62742.474,8842.771,255.509,28708.161,186.86043317090218,218.5527453325903
2024Q2,2024-06-30,55243.782,64639.788,9143.098,252.908,29147.044,189.53476723059805,221.7713329694771
2024Q3,2024-09-30,58526.191999999995,68755.405,9968.601,260.612,29511.664,198.31545927061242,232.9770527341325
2024Q4,2024-12-31,60091.358,70647.887,10305.396,251.133,29825.182,201.47859617419937,236.87328043798692
2025Q1,2025-03-31,56970.074,67587.295,10369.125,248.096,30042.113,189.63404471582942,224.975170687894
2025Q2,2025-06-30,62989.39000000001,74732.978,11492.136,251.452,30485.729,206.61926765799174,245.14085918693303
2025Q3,2025-09-30,67992.706,80885.076,12635.11,257.26,31098.027,218.63993493863777,260.09713092087804
2025Q4,2025-12-31,69520.39600000001,83150.083,13372.98,256.707,31422.526,221.2438172539025,264.6193466432329
2026Q1,2026-03-31,65868.276,79673.843,13552.262,253.305,31865.721,206.7057450229982,250.02993969601374
